,Age,Sex,Pclass,Embarked,Survived
0,22.0,1,3,2,0
1,38.0,0,1,0,1
2,26.0,0,3,2,1
3,35.0,0,1,2,1
4,35.0,1,3,2,0
5,29.881137667304014,1,3,1,0
6,54.0,1,1,2,0
7,2.0,1,3,2,0
8,27.0,0,3,2,1
9,14.0,0,2,0,1
10,4.0,0,3,2,1
11,58.0,0,1,2,1
12,20.0,1,3,2,0
13,39.0,1,3,2,0
14,14.0,0,3,2,0
15,55.0,0,2,2,1
16,2.0,1,3,1,0
17,29.881137667304014,1,2,2,1
18,31.0,0,3,2,0
19,29.881137667304014,0,3,0,1
20,35.0,1,2,2,0
21,34.0,1,2,2,1
22,15.0,0,3,1,1
23,28.0,1,1,2,1
24,8.0,0,3,2,0
25,38.0,0,3,2,1
26,29.881137667304014,1,3,0,0
27,19.0,1,1,2,0
28,29.881137667304014,0,3,1,1
29,29.881137667304014,1,3,2,0
30,40.0,1,1,0,0
31,29.881137667304014,0,1,0,1
32,29.881137667304014,0,3,1,1
33,66.0,1,2,2,0
34,28.0,1,1,0,0
35,42.0,1,1,2,0
36,29.881137667304014,1,3,0,1
37,21.0,1,3,2,0
38,18.0,0,3,2,0
39,14.0,0,3,0,1
40,40.0,0,3,2,0
41,27.0,0,2,2,0
42,29.881137667304014,1,3,0,0
43,3.0,0,2,0,1
44,19.0,0,3,1,1
45,29.881137667304014,1,3,2,0
46,29.881137667304014,1,3,1,0
47,29.881137667304014,0,3,1,1
48,29.881137667304014,1,3,0,0
49,18.0,0,3,2,0
50,7.0,1,3,2,0
51,21.0,1,3,2,0
52,49.0,0,1,0,1
53,29.0,0,2,2,1
54,65.0,1,1,0,0
55,29.881137667304014,1,1,2,1
56,21.0,0,2,2,1
57,28.5,1,3,0,0
58,5.0,0,2,2,1
59,11.0,1,3,2,0
60,22.0,1,3,0,0
62,45.0,1,1,2,0
63,4.0,1,3,2,0
64,29.881137667304014,1,1,0,0
65,29.881137667304014,1,3,0,1
66,29.0,0,2,2,1
67,19.0,1,3,2,0
68,17.0,0,3,2,1
69,26.0,1,3,2,0
70,32.0,1,2,2,0
71,16.0,0,3,2,0
72,21.0,1,2,2,0
73,26.0,1,3,0,0
74,32.0,1,3,2,1
75,25.0,1,3,2,0
76,29.881137667304014,1,3,2,0
77,29.881137667304014,1,3,2,0
78,0.83,1,2,2,1
79,30.0,0,3,2,1
80,22.0,1,3,2,0
81,29.0,1,3,2,1
82,29.881137667304014,0,3,1,1
83,28.0,1,1,2,0
84,17.0,0,2,2,1
85,33.0,0,3,2,1
86,16.0,1,3,2,0
87,29.881137667304014,1,3,2,0
88,23.0,0,1,2,1
89,24.0,1,3,2,0
90,29.0,1,3,2,0
91,20.0,1,3,2,0
92,46.0,1,1,2,0
93,26.0,1,3,2,0
94,59.0,1,3,2,0
95,29.881137667304014,1,3,2,0
96,71.0,1,1,0,0
97,23.0,1,1,0,1
98,34.0,0,2,2,1
99,34.0,1,2,2,0
100,28.0,0,3,2,0
101,29.881137667304014,1,3,2,0
102,21.0,1,1,2,0
103,33.0,1,3,2,0
104,37.0,1,3,2,0
105,28.0,1,3,2,0
106,21.0,0,3,2,1
107,29.881137667304014,1,3,2,1
108,38.0,1,3,2,0
109,29.881137667304014,0,3,1,1
110,47.0,1,1,2,0
111,14.5,0,3,0,0
112,22.0,1,3,2,0
113,20.0,0,3,2,0
114,17.0,0,3,0,0
115,21.0,1,3,2,0
116,70.5,1,3,1,0
117,29.0,1,2,2,0
118,24.0,1,1,0,0
119,2.0,0,3,2,0
120,21.0,1,2,2,0
121,29.881137667304014,1,3,2,0
122,32.5,1,2,0,0
123,32.5,0,2,2,1
124,54.0,1,1,2,0
125,12.0,1,3,0,1
126,29.881137667304014,1,3,1,0
127,24.0,1,3,2,1
128,29.881137667304014,0,3,0,1
129,45.0,1,3,2,0
130,33.0,1,3,0,0
131,20.0,1,3,2,0
132,47.0,0,3,2,0
133,29.0,0,2,2,1
134,25.0,1,2,2,0
135,23.0,1,2,0,0
136,19.0,0,1,2,1
137,37.0,1,1,2,0
138,16.0,1,3,2,0
139,24.0,1,1,0,0
140,29.881137667304014,0,3,0,0
141,22.0,0,3,2,1
142,24.0,0,3,2,1
143,19.0,1,3,1,0
144,18.0,1,2,2,0
145,19.0,1,2,2,0
146,27.0,1,3,2,1
147,9.0,0,3,2,0
148,36.5,1,2,2,0
149,42.0,1,2,2,0
150,51.0,1,2,2,0
151,22.0,0,1,2,1
152,55.5,1,3,2,0
153,40.5,1,3,2,0
154,29.881137667304014,1,3,2,0
155,51.0,1,1,0,0
156,16.0,0,3,1,1
157,30.0,1,3,2,0
158,29.881137667304014,1,3,2,0
159,29.881137667304014,1,3,2,0
160,44.0,1,3,2,0
161,40.0,0,2,2,1
162,26.0,1,3,2,0
163,17.0,1,3,2,0
164,1.0,1,3,2,0
165,9.0,1,3,2,1
166,29.881137667304014,0,1,2,1
167,45.0,0,3,2,0
168,29.881137667304014,1,1,2,0
169,28.0,1,3,2,0
170,61.0,1,1,2,0
171,4.0,1,3,1,0
172,1.0,0,3,2,1
173,21.0,1,3,2,0
174,56.0,1,1,0,0
175,18.0,1,3,2,0
176,29.881137667304014,1,3,2,0
177,50.0,0,1,0,0
178,30.0,1,2,2,0
179,36.0,1,3,2,0
180,29.881137667304014,0,3,2,0
181,29.881137667304014,1,2,0,0
182,9.0,1,3,2,0
183,1.0,1,2,2,1
184,4.0,0,3,2,1
185,29.881137667304014,1,1,2,0
186,29.881137667304014,0,3,1,1
187,45.0,1,1,2,1
188,40.0,1,3,1,0
189,36.0,1,3,2,0
190,32.0,0,2,2,1
191,19.0,1,2,2,0
192,19.0,0,3,2,1
193,3.0,1,2,2,1
194,44.0,0,1,0,1
195,58.0,0,1,0,1
196,29.881137667304014,1,3,1,0
197,42.0,1,3,2,0
198,29.881137667304014,0,3,1,1
199,24.0,0,2,2,0
200,28.0,1,3,2,0
201,29.881137667304014,1,3,2,0
202,34.0,1,3,2,0
203,45.5,1,3,0,0
204,18.0,1,3,2,1
205,2.0,0,3,2,0
206,32.0,1,3,2,0
207,26.0,1,3,0,1
208,16.0,0,3,1,1
209,40.0,1,1,0,1
210,24.0,1,3,2,0
211,35.0,0,2,2,1
212,22.0,1,3,2,0
213,30.0,1,2,2,0
214,29.881137667304014,1,3,1,0
215,31.0,0,1,0,1
216,27.0,0,3,2,1
217,42.0,1,2,2,0
218,32.0,0,1,0,1
219,30.0,1,2,2,0
220,16.0,1,3,2,1
221,27.0,1,2,2,0
222,51.0,1,3,2,0
223,29.881137667304014,1,3,2,0
224,38.0,1,1,2,1
225,22.0,1,3,2,0
226,19.0,1,2,2,1
227,20.5,1,3,2,0
228,18.0,1,2,2,0
229,29.881137667304014,0,3,2,0
230,35.0,0,1,2,1
231,29.0,1,3,2,0
232,59.0,1,2,2,0
233,5.0,0,3,2,1
234,24.0,1,2,2,0
235,29.881137667304014,0,3,2,0
236,44.0,1,2,2,0
237,8.0,0,2,2,1
238,19.0,1,2,2,0
239,33.0,1,2,2,0
240,29.881137667304014,0,3,0,0
241,29.881137667304014,0,3,1,1
242,29.0,1,2,2,0
243,22.0,1,3,2,0
244,30.0,1,3,0,0
245,44.0,1,1,1,0
246,25.0,0,3,2,0
247,24.0,0,2,2,1
248,37.0,1,1,2,1
249,54.0,1,2,2,0
250,29.881137667304014,1,3,2,0
251,29.0,0,3,2,0
252,62.0,1,1,2,0
253,30.0,1,3,2,0
254,41.0,0,3,2,0
255,29.0,0,3,0,1
256,29.881137667304014,0,1,0,1
257,30.0,0,1,2,1
258,35.0,0,1,0,1
259,50.0,0,2,2,1
260,29.881137667304014,1,3,1,0
261,3.0,1,3,2,1
262,52.0,1,1,2,0
263,40.0,1,1,2,0
264,29.881137667304014,0,3,1,0
265,36.0,1,2,2,0
266,16.0,1,3,2,0
267,25.0,1,3,2,1
268,58.0,0,1,2,1
269,35.0,0,1,2,1
270,29.881137667304014,1,1,2,0
271,25.0,1,3,2,1
272,41.0,0,2,2,1
273,37.0,1,1,0,0
274,29.881137667304014,0,3,1,1
275,63.0,0,1,2,1
276,45.0,0,3,2,0
277,29.881137667304014,1,2,2,0
278,7.0,1,3,1,0
279,35.0,0,3,2,1
280,65.0,1,3,1,0
281,28.0,1,3,2,0
282,16.0,1,3,2,0
283,19.0,1,3,2,1
284,29.881137667304014,1,1,2,0
285,33.0,1,3,0,0
286,30.0,1,3,2,1
287,22.0,1,3,2,0
288,42.0,1,2,2,1
289,22.0,0,3,1,1
290,26.0,0,1,2,1
291,19.0,0,1,0,1
292,36.0,1,2,0,0
293,24.0,0,3,2,0
294,24.0,1,3,2,0
295,29.881137667304014,1,1,0,0
296,23.5,1,3,0,0
297,2.0,0,1,2,0
298,29.881137667304014,1,1,2,1
299,50.0,0,1,0,1
300,29.881137667304014,0,3,1,1
301,29.881137667304014,1,3,1,1
302,19.0,1,3,2,0
303,29.881137667304014,0,2,1,1
304,29.881137667304014,1,3,2,0
305,0.92,1,1,2,1
306,29.881137667304014,0,1,0,1
307,17.0,0,1,0,1
308,30.0,1,2,0,0
309,30.0,0,1,0,1
310,24.0,0,1,0,1
311,18.0,0,1,0,1
312,26.0,0,2,2,0
313,28.0,1,3,2,0
314,43.0,1,2,2,0
315,26.0,0,3,2,1
316,24.0,0,2,2,1
317,54.0,1,2,2,0
318,31.0,0,1,2,1
319,40.0,0,1,0,1
320,22.0,1,3,2,0
321,27.0,1,3,2,0
322,30.0,0,2,1,1
323,22.0,0,2,2,1
324,29.881137667304014,1,3,2,0
325,36.0,0,1,0,1
326,61.0,1,3,2,0
327,36.0,0,2,2,1
328,31.0,0,3,2,1
329,16.0,0,1,0,1
330,29.881137667304014,0,3,1,1
331,45.5,1,1,2,0
332,38.0,1,1,2,0
333,16.0,1,3,2,0
334,29.881137667304014,0,1,2,1
335,29.881137667304014,1,3,2,0
336,29.0,1,1,2,0
337,41.0,0,1,0,1
338,45.0,1,3,2,1
339,45.0,1,1,2,0
340,2.0,1,2,2,1
341,24.0,0,1,2,1
342,28.0,1,2,2,0
343,25.0,1,2,2,0
344,36.0,1,2,2,0
345,24.0,0,2,2,1
346,40.0,0,2,2,1
347,29.881137667304014,0,3,2,1
348,3.0,1,3,2,1
349,42.0,1,3,2,0
350,23.0,1,3,2,0
351,29.881137667304014,1,1,2,0
352,15.0,1,3,0,0
353,25.0,1,3,2,0
354,29.881137667304014,1,3,0,0
355,28.0,1,3,2,0
356,22.0,0,1,2,1
357,38.0,0,2,2,0
358,29.881137667304014,0,3,1,1
359,29.881137667304014,0,3,1,1
360,40.0,1,3,2,0
361,29.0,1,2,0,0
362,45.0,0,3,0,0
363,35.0,1,3,2,0
364,29.881137667304014,1,3,1,0
365,30.0,1,3,2,0
366,60.0,0,1,0,1
367,29.881137667304014,0,3,0,1
368,29.881137667304014,0,3,1,1
369,24.0,0,1,0,1
370,25.0,1,1,0,1
371,18.0,1,3,2,0
372,19.0,1,3,2,0
373,22.0,1,1,0,0
374,3.0,0,3,2,0
375,29.881137667304014,0,1,0,1
376,22.0,0,3,2,1
377,27.0,1,1,0,0
378,20.0,1,3,0,0
379,19.0,1,3,2,0
380,42.0,0,1,0,1
381,1.0,0,3,0,1
382,32.0,1,3,2,0
383,35.0,0,1,2,1
384,29.881137667304014,1,3,2,0
385,18.0,1,2,2,0
386,1.0,1,3,2,0
387,36.0,0,2,2,1
388,29.881137667304014,1,3,1,0
389,17.0,0,2,0,1
390,36.0,1,1,2,1
391,21.0,1,3,2,1
392,28.0,1,3,2,0
393,23.0,0,1,0,1
394,24.0,0,3,2,1
395,22.0,1,3,2,0
396,31.0,0,3,2,0
397,46.0,1,2,2,0
398,23.0,1,2,2,0
399,28.0,0,2,2,1
400,39.0,1,3,2,1
401,26.0,1,3,2,0
402,21.0,0,3,2,0
403,28.0,1,3,2,0
404,20.0,0,3,2,0
405,34.0,1,2,2,0
406,51.0,1,3,2,0
407,3.0,1,2,2,1
408,21.0,1,3,2,0
409,29.881137667304014,0,3,2,0
410,29.881137667304014,1,3,2,0
411,29.881137667304014,1,3,1,0
412,33.0,0,1,1,1
413,29.881137667304014,1,2,2,0
414,44.0,1,3,2,1
415,29.881137667304014,0,3,2,0
416,34.0,0,2,2,1
417,18.0,0,2,2,1
418,30.0,1,2,2,0
419,10.0,0,3,2,0
420,29.881137667304014,1,3,0,0
421,21.0,1,3,1,0
422,29.0,1,3,2,0
423,28.0,0,3,2,0
424,18.0,1,3,2,0
425,29.881137667304014,1,3,2,0
426,28.0,0,2,2,1
427,19.0,0,2,2,1
428,29.881137667304014,1,3,1,0
429,32.0,1,3,2,1
430,28.0,1,1,2,1
431,29.881137667304014,0,3,2,1
432,42.0,0,2,2,1
433,17.0,1,3,2,0
434,50.0,1,1,2,0
435,14.0,0,1,2,1
436,21.0,0,3,2,0
437,24.0,0,2,2,1
438,64.0,1,1,2,0
439,31.0,1,2,2,0
440,45.0,0,2,2,1
441,20.0,1,3,2,0
442,25.0,1,3,2,0
443,28.0,0,2,2,1
444,29.881137667304014,1,3,2,1
445,4.0,1,1,2,1
446,13.0,0,2,2,1
447,34.0,1,1,2,1
448,5.0,0,3,0,1
449,52.0,1,1,2,1
450,36.0,1,2,2,0
451,29.881137667304014,1,3,2,0
452,30.0,1,1,0,0
453,49.0,1,1,0,1
454,29.881137667304014,1,3,2,0
455,29.0,1,3,0,1
456,65.0,1,1,2,0
457,29.881137667304014,0,1,2,1
458,50.0,0,2,2,1
459,29.881137667304014,1,3,1,0
460,48.0,1,1,2,1
461,34.0,1,3,2,0
462,47.0,1,1,2,0
463,48.0,1,2,2,0
464,29.881137667304014,1,3,2,0
465,38.0,1,3,2,0
466,29.881137667304014,1,2,2,0
467,56.0,1,1,2,0
468,29.881137667304014,1,3,1,0
469,0.75,0,3,0,1
470,29.881137667304014,1,3,2,0
471,38.0,1,3,2,0
472,33.0,0,2,2,1
473,23.0,0,2,0,1
474,22.0,0,3,2,0
475,29.881137667304014,1,1,2,0
476,34.0,1,2,2,0
477,29.0,1,3,2,0
478,22.0,1,3,2,0
479,2.0,0,3,2,1
480,9.0,1,3,2,0
481,29.881137667304014,1,2,2,0
482,50.0,1,3,2,0
483,63.0,0,3,2,1
484,25.0,1,1,0,1
485,29.881137667304014,0,3,2,0
486,35.0,0,1,2,1
487,58.0,1,1,0,0
488,30.0,1,3,2,0
489,9.0,1,3,2,1
490,29.881137667304014,1,3,2,0
491,21.0,1,3,2,0
492,55.0,1,1,2,0
493,71.0,1,1,0,0
494,21.0,1,3,2,0
495,29.881137667304014,1,3,0,0
496,54.0,0,1,0,1
497,29.881137667304014,1,3,2,0
498,25.0,0,1,2,0
499,24.0,1,3,2,0
500,17.0,1,3,2,0
501,21.0,0,3,1,0
502,29.881137667304014,0,3,1,0
503,37.0,0,3,2,0
504,16.0,0,1,2,1
505,18.0,1,1,0,0
506,33.0,0,2,2,1
507,29.881137667304014,1,1,2,1
508,28.0,1,3,2,0
509,26.0,1,3,2,1
510,29.0,1,3,1,1
511,29.881137667304014,1,3,2,0
512,36.0,1,1,2,1
513,54.0,0,1,0,1
514,24.0,1,3,2,0
515,47.0,1,1,2,0
516,34.0,0,2,2,1
517,29.881137667304014,1,3,1,0
518,36.0,0,2,2,1
519,32.0,1,3,2,0
520,30.0,0,1,2,1
521,22.0,1,3,2,0
522,29.881137667304014,1,3,0,0
523,44.0,0,1,0,1
524,29.881137667304014,1,3,0,0
525,40.5,1,3,1,0
526,50.0,0,2,2,1
527,29.881137667304014,1,1,2,0
528,39.0,1,3,2,0
529,23.0,1,2,2,0
530,2.0,0,2,2,1
531,29.881137667304014,1,3,0,0
532,17.0,1,3,0,0
533,29.881137667304014,0,3,0,1
534,30.0,0,3,2,0
535,7.0,0,2,2,1
536,45.0,1,1,2,0
537,30.0,0,1,0,1
538,29.881137667304014,1,3,2,0
539,22.0,0,1,0,1
540,36.0,0,1,2,1
541,9.0,0,3,2,0
542,11.0,0,3,2,0
543,32.0,1,2,2,1
544,50.0,1,1,0,0
545,64.0,1,1,2,0
546,19.0,0,2,2,1
547,29.881137667304014,1,2,0,1
548,33.0,1,3,2,0
549,8.0,1,2,2,1
550,17.0,1,1,0,1
551,27.0,1,2,2,0
552,29.881137667304014,1,3,1,0
553,22.0,1,3,0,1
554,22.0,0,3,2,1
555,62.0,1,1,2,0
556,48.0,0,1,0,1
557,29.881137667304014,1,1,0,0
558,39.0,0,1,2,1
559,36.0,0,3,2,1
560,29.881137667304014,1,3,1,0
561,40.0,1,3,2,0
562,28.0,1,2,2,0
563,29.881137667304014,1,3,2,0
564,29.881137667304014,0,3,2,0
565,24.0,1,3,2,0
566,19.0,1,3,2,0
567,29.0,0,3,2,0
568,29.881137667304014,1,3,0,0
569,32.0,1,3,2,1
570,62.0,1,2,2,1
571,53.0,0,1,2,1
572,36.0,1,1,2,1
573,29.881137667304014,0,3,1,1
574,16.0,1,3,2,0
575,19.0,1,3,2,0
576,34.0,0,2,2,1
577,39.0,0,1,2,1
578,29.881137667304014,0,3,0,0
579,32.0,1,3,2,1
580,25.0,0,2,2,1
581,39.0,0,1,0,1
582,54.0,1,2,2,0
583,36.0,1,1,0,0
584,29.881137667304014,1,3,0,0
585,18.0,0,1,2,1
586,47.0,1,2,2,0
587,60.0,1,1,0,1
588,22.0,1,3,2,0
589,29.881137667304014,1,3,2,0
590,35.0,1,3,2,0
591,52.0,0,1,0,1
592,47.0,1,3,2,0
593,29.881137667304014,0,3,1,0
594,37.0,1,2,2,0
595,36.0,1,3,2,0
596,29.881137667304014,0,2,2,1
597,49.0,1,3,2,0
598,29.881137667304014,1,3,0,0
599,49.0,1,1,0,1
600,24.0,0,2,2,1
601,29.881137667304014,1,3,2,0
602,29.881137667304014,1,1,2,0
603,44.0,1,3,2,0
604,35.0,1,1,0,1
605,36.0,1,3,2,0
606,30.0,1,3,2,0
607,27.0,1,1,2,1
608,22.0,0,2,0,1
609,40.0,0,1,2,1
610,39.0,0,3,2,0
611,29.881137667304014,1,3,2,0
612,29.881137667304014,0,3,1,1
613,29.881137667304014,1,3,1,0
614,35.0,1,3,2,0
615,24.0,0,2,2,1
616,34.0,1,3,2,0
617,26.0,0,3,2,0
618,4.0,0,2,2,1
619,26.0,1,2,2,0
620,27.0,1,3,0,0
621,42.0,1,1,2,1
622,20.0,1,3,0,1
623,21.0,1,3,2,0
624,21.0,1,3,2,0
625,61.0,1,1,2,0
626,57.0,1,2,1,0
627,21.0,0,1,2,1
628,26.0,1,3,2,0
629,29.881137667304014,1,3,1,0
630,80.0,1,1,2,1
631,51.0,1,3,2,0
632,32.0,1,1,0,1
633,29.881137667304014,1,1,2,0
634,9.0,0,3,2,0
635,28.0,0,2,2,1
636,32.0,1,3,2,0
637,31.0,1,2,2,0
638,41.0,0,3,2,0
639,29.881137667304014,1,3,2,0
640,20.0,1,3,2,0
641,24.0,0,1,0,1
642,2.0,0,3,2,0
643,29.881137667304014,1,3,2,1
644,0.75,0,3,0,1
645,48.0,1,1,0,1
646,19.0,1,3,2,0
647,56.0,1,1,0,1
648,29.881137667304014,1,3,2,0
649,23.0,0,3,2,1
650,29.881137667304014,1,3,2,0
651,18.0,0,2,2,1
652,21.0,1,3,2,0
653,29.881137667304014,0,3,1,1
654,18.0,0,3,1,0
655,24.0,1,2,2,0
656,29.881137667304014,1,3,2,0
657,32.0,0,3,1,0
658,23.0,1,2,2,0
659,58.0,1,1,0,0
660,50.0,1,1,2,1
661,40.0,1,3,0,0
662,47.0,1,1,2,0
663,36.0,1,3,2,0
664,20.0,1,3,2,1
665,32.0,1,2,2,0
666,25.0,1,2,2,0
667,29.881137667304014,1,3,2,0
668,43.0,1,3,2,0
669,29.881137667304014,0,1,2,1
670,40.0,0,2,2,1
671,31.0,1,1,2,0
672,70.0,1,2,2,0
673,31.0,1,2,2,1
674,29.881137667304014,1,2,2,0
675,18.0,1,3,2,0
676,24.5,1,3,2,0
677,18.0,0,3,2,1
678,43.0,0,3,2,0
679,36.0,1,1,0,1
680,29.881137667304014,0,3,1,0
681,27.0,1,1,0,1
682,20.0,1,3,2,0
683,14.0,1,3,2,0
684,60.0,1,2,2,0
685,25.0,1,2,0,0
686,14.0,1,3,2,0
687,19.0,1,3,2,0
688,18.0,1,3,2,0
689,15.0,0,1,2,1
690,31.0,1,1,2,1
691,4.0,0,3,0,1
692,29.881137667304014,1,3,2,1
693,25.0,1,3,0,0
694,60.0,1,1,2,0
695,52.0,1,2,2,0
696,44.0,1,3,2,0
697,29.881137667304014,0,3,1,1
698,49.0,1,1,0,0
699,42.0,1,3,2,0
700,18.0,0,1,0,1
701,35.0,1,1,2,1
702,18.0,0,3,0,0
703,25.0,1,3,1,0
704,26.0,1,3,2,0
705,39.0,1,2,2,0
706,45.0,0,2,2,1
707,42.0,1,1,2,1
708,22.0,0,1,2,1
709,29.881137667304014,1,3,0,1
710,24.0,0,1,0,1
711,29.881137667304014,1,1,2,0
712,48.0,1,1,2,1
713,29.0,1,3,2,0
714,52.0,1,2,2,0
715,19.0,1,3,2,0
716,38.0,0,1,0,1
717,27.0,0,2,2,1
718,29.881137667304014,1,3,1,0
719,33.0,1,3,2,0
720,6.0,0,2,2,1
721,17.0,1,3,2,0
722,34.0,1,2,2,0
723,50.0,1,2,2,0
724,27.0,1,1,2,1
725,20.0,1,3,2,0
726,30.0,0,2,2,1
727,29.881137667304014,0,3,1,1
728,25.0,1,2,2,0
729,25.0,0,3,2,0
730,29.0,0,1,2,1
731,11.0,1,3,0,0
732,29.881137667304014,1,2,2,0
733,23.0,1,2,2,0
734,23.0,1,2,2,0
735,28.5,1,3,2,0
736,48.0,0,3,2,0
737,35.0,1,1,0,1
738,29.881137667304014,1,3,2,0
739,29.881137667304014,1,3,2,0
740,29.881137667304014,1,1,2,1
741,36.0,1,1,2,0
742,21.0,0,1,0,1
743,24.0,1,3,2,0
744,31.0,1,3,2,1
745,70.0,1,1,2,0
746,16.0,1,3,2,0
747,30.0,0,2,2,1
748,19.0,1,1,2,0
749,31.0,1,3,1,0
750,4.0,0,2,2,1
751,6.0,1,3,2,1
752,33.0,1,3,2,0
753,23.0,1,3,2,0
754,48.0,0,2,2,1
755,0.67,1,2,2,1
756,28.0,1,3,2,0
757,18.0,1,2,2,0
758,34.0,1,3,2,0
759,33.0,0,1,2,1
760,29.881137667304014,1,3,2,0
761,41.0,1,3,2,0
762,20.0,1,3,0,1
763,36.0,0,1,2,1
764,16.0,1,3,2,0
765,51.0,0,1,2,1
766,29.881137667304014,1,1,0,0
767,30.5,0,3,1,0
768,29.881137667304014,1,3,1,0
769,32.0,1,3,2,0
770,24.0,1,3,2,0
771,48.0,1,3,2,0
772,57.0,0,2,2,0
773,29.881137667304014,1,3,0,0
774,54.0,0,2,2,1
775,18.0,1,3,2,0
776,29.881137667304014,1,3,1,0
777,5.0,0,3,2,1
778,29.881137667304014,1,3,1,0
779,43.0,0,1,2,1
780,13.0,0,3,0,1
781,17.0,0,1,2,1
782,29.0,1,1,2,0
783,29.881137667304014,1,3,2,0
784,25.0,1,3,2,0
785,25.0,1,3,2,0
786,18.0,0,3,2,1
787,8.0,1,3,1,0
788,1.0,1,3,2,1
789,46.0,1,1,0,0
790,29.881137667304014,1,3,1,0
791,16.0,1,2,2,0
792,29.881137667304014,0,3,2,0
793,29.881137667304014,1,1,0,0
794,25.0,1,3,2,0
795,39.0,1,2,2,0
796,49.0,0,1,2,1
797,31.0,0,3,2,1
798,30.0,1,3,0,0
799,30.0,0,3,2,0
800,34.0,1,2,2,0
801,31.0,0,2,2,1
802,11.0,1,1,2,1
803,0.42,1,3,0,1
804,27.0,1,3,2,1
805,31.0,1,3,2,0
806,39.0,1,1,2,0
807,18.0,0,3,2,0
808,39.0,1,2,2,0
809,33.0,0,1,2,1
810,26.0,1,3,2,0
811,39.0,1,3,2,0
812,35.0,1,2,2,0
813,6.0,0,3,2,0
814,30.5,1,3,2,0
815,29.881137667304014,1,1,2,0
816,23.0,0,3,2,0
817,31.0,1,2,0,0
818,43.0,1,3,2,0
819,10.0,1,3,2,0
820,52.0,0,1,2,1
821,27.0,1,3,2,1
822,38.0,1,1,2,0
823,27.0,0,3,2,1
824,2.0,1,3,2,0
825,29.881137667304014,1,3,1,0
826,29.881137667304014,1,3,2,0
827,1.0,1,2,0,1
828,29.881137667304014,1,3,1,1
830,15.0,0,3,0,1
831,0.83,1,2,2,1
832,29.881137667304014,1,3,0,0
833,23.0,1,3,2,0
834,18.0,1,3,2,0
835,39.0,0,1,0,1
836,21.0,1,3,2,0
837,29.881137667304014,1,3,2,0
838,32.0,1,3,2,1
839,29.881137667304014,1,1,0,1
840,20.0,1,3,2,0
841,16.0,1,2,2,0
842,30.0,0,1,0,1
843,34.5,1,3,0,0
844,17.0,1,3,2,0
845,42.0,1,3,2,0
846,29.881137667304014,1,3,2,0
847,35.0,1,3,0,0
848,28.0,1,2,2,0
849,29.881137667304014,0,1,0,1
850,4.0,1,3,2,0
851,74.0,1,3,2,0
852,9.0,0,3,0,0
853,16.0,0,1,2,1
854,44.0,0,2,2,0
855,18.0,0,3,2,1
856,45.0,0,1,2,1
857,51.0,1,1,2,1
858,24.0,0,3,0,1
859,29.881137667304014,1,3,0,0
860,41.0,1,3,2,0
861,21.0,1,2,2,0
862,48.0,0,1,2,1
863,29.881137667304014,0,3,2,0
864,24.0,1,2,2,0
865,42.0,0,2,2,1
866,27.0,0,2,0,1
867,31.0,1,1,2,0
868,29.881137667304014,1,3,2,0
869,4.0,1,3,2,1
870,26.0,1,3,2,0
871,47.0,0,1,2,1
872,33.0,1,1,2,0
873,47.0,1,3,2,0
874,28.0,0,2,0,1
875,15.0,0,3,0,1
876,20.0,1,3,2,0
877,19.0,1,3,2,0
878,29.881137667304014,1,3,2,0
879,56.0,0,1,0,1
880,25.0,0,2,2,1
881,33.0,1,3,2,0
882,22.0,0,3,2,0
883,28.0,1,2,2,0
884,25.0,1,3,2,0
885,39.0,0,3,1,0
886,27.0,1,2,2,0
887,19.0,0,1,2,1
888,29.881137667304014,0,3,2,0
889,26.0,1,1,0,1
890,32.0,1,3,1,0
0,34.5,1,3,1,0
1,47.0,0,3,2,1
2,62.0,1,2,1,0
3,27.0,1,3,2,0
4,22.0,0,3,2,1
5,14.0,1,3,2,0
6,30.0,0,3,1,1
7,26.0,1,2,2,0
8,18.0,0,3,0,1
9,21.0,1,3,2,0
10,29.881137667304014,1,3,2,0
11,46.0,1,1,2,0
12,23.0,0,1,2,1
13,63.0,1,2,2,0
14,47.0,0,1,2,1
15,24.0,0,2,0,1
16,35.0,1,2,1,0
17,21.0,1,3,0,0
18,27.0,0,3,2,1
19,45.0,0,3,0,1
20,55.0,1,1,0,0
21,9.0,1,3,2,0
22,29.881137667304014,0,1,2,1
23,21.0,1,1,0,0
24,48.0,0,1,0,1
25,50.0,1,3,2,0
26,22.0,0,1,0,1
27,22.5,1,3,0,0
28,41.0,1,1,2,0
29,29.881137667304014,1,3,0,0
30,50.0,1,2,2,0
31,24.0,1,2,2,0
32,33.0,0,3,2,1
33,29.881137667304014,0,3,2,1
34,30.0,1,1,0,0
35,18.5,1,3,0,0
36,29.881137667304014,0,3,2,1
37,21.0,0,3,2,1
38,25.0,1,3,2,0
39,29.881137667304014,1,3,2,0
40,39.0,1,3,0,0
41,29.881137667304014,1,1,2,0
42,41.0,1,3,2,0
43,30.0,0,2,2,1
44,45.0,0,1,2,1
45,25.0,1,3,2,0
46,45.0,1,1,0,0
47,29.881137667304014,1,3,1,0
48,60.0,0,1,0,1
49,36.0,0,3,2,1
50,24.0,1,1,2,0
51,27.0,1,2,0,0
52,20.0,0,2,2,1
53,28.0,0,1,2,1
54,29.881137667304014,1,2,0,0
55,10.0,1,3,1,0
56,35.0,1,3,2,0
57,25.0,1,3,2,0
58,29.881137667304014,1,3,2,0
59,36.0,0,1,0,1
60,17.0,1,3,2,0
61,32.0,1,2,2,0
62,18.0,1,3,2,0
63,22.0,0,3,1,1
64,13.0,1,1,0,0
65,29.881137667304014,0,2,2,1
66,18.0,0,3,1,1
67,47.0,1,1,2,0
68,31.0,1,1,0,0
69,60.0,0,1,2,1
70,24.0,0,3,1,1
71,21.0,1,3,2,0
72,29.0,0,3,2,1
73,28.5,1,1,0,0
74,35.0,0,1,0,1
75,32.5,1,1,0,0
76,29.881137667304014,1,3,2,0
77,55.0,0,1,2,1
78,30.0,1,2,2,0
79,24.0,0,3,1,1
80,6.0,1,3,0,0
81,67.0,1,1,2,0
82,49.0,1,1,2,0
83,29.881137667304014,1,3,2,0
84,29.881137667304014,1,2,1,0
85,29.881137667304014,1,3,0,0
86,27.0,0,3,1,1
87,18.0,0,3,2,1
88,29.881137667304014,0,3,1,1
89,2.0,1,2,2,0
90,22.0,0,3,2,1
91,29.881137667304014,1,3,2,0
92,27.0,0,1,2,1
93,29.881137667304014,1,3,2,0
94,25.0,1,1,0,0
95,25.0,1,3,2,0
96,76.0,0,1,2,1
97,29.0,1,3,2,0
98,20.0,0,3,2,1
99,33.0,1,3,2,0
100,43.0,0,1,0,1
101,27.0,1,2,2,0
102,29.881137667304014,1,3,1,0
103,26.0,1,3,2,0
104,16.0,0,3,0,1
105,28.0,1,3,2,0
106,21.0,1,3,1,0
107,29.881137667304014,1,3,1,0
108,29.881137667304014,1,3,2,0
109,18.5,1,2,2,0
110,41.0,1,2,0,0
111,29.881137667304014,0,3,1,1
112,36.0,0,1,0,1
113,18.5,0,3,1,1
114,63.0,0,1,2,1
115,18.0,1,3,0,0
116,29.881137667304014,1,3,0,0
117,1.0,0,3,2,1
118,36.0,1,1,0,0
119,29.0,0,2,2,1
120,12.0,0,2,2,1
121,29.881137667304014,1,3,1,0
122,35.0,0,1,0,1
123,28.0,1,3,2,0
124,29.881137667304014,1,3,1,0
125,17.0,0,3,2,1
126,22.0,1,3,2,0
127,29.881137667304014,0,3,1,1
128,42.0,1,2,2,0
129,24.0,1,3,2,0
130,32.0,1,3,2,0
131,53.0,1,1,0,0
132,29.881137667304014,0,3,2,1
133,29.881137667304014,1,3,0,0
134,43.0,1,3,2,0
135,24.0,1,3,2,0
136,26.5,1,3,0,0
137,26.0,1,2,2,0
138,23.0,0,3,2,1
139,40.0,1,3,2,0
140,10.0,0,3,2,1
141,33.0,0,1,2,1
142,61.0,1,1,0,0
143,28.0,1,2,2,0
144,42.0,1,1,2,0
145,31.0,1,3,2,0
146,29.881137667304014,1,1,2,0
147,22.0,1,3,2,0
148,29.881137667304014,1,1,2,0
149,30.0,1,2,2,0
150,23.0,0,1,0,1
151,29.881137667304014,1,3,0,0
152,60.5,1,3,2,0
153,36.0,0,3,2,1
154,13.0,1,3,2,0
155,24.0,1,3,2,0
156,29.0,0,1,2,1
157,23.0,0,3,2,1
158,42.0,1,1,2,0
159,26.0,0,3,2,1
160,29.881137667304014,0,3,1,1
161,7.0,1,3,0,0
162,26.0,0,2,2,1
163,29.881137667304014,1,3,2,0
164,41.0,1,2,2,0
165,26.0,0,3,2,1
166,48.0,1,1,0,0
167,18.0,1,3,2,0
168,29.881137667304014,0,1,0,1
169,22.0,0,3,2,1
170,29.881137667304014,1,3,2,0
171,27.0,1,3,0,0
172,23.0,1,3,2,0
173,29.881137667304014,1,3,0,0
174,40.0,1,3,2,0
175,15.0,0,2,2,1
176,20.0,0,2,2,1
177,54.0,1,1,0,0
178,36.0,0,2,2,1
179,64.0,0,1,0,1
180,30.0,1,2,2,0
181,37.0,1,1,0,0
182,18.0,0,1,2,1
183,29.881137667304014,1,3,1,0
184,27.0,0,1,0,1
185,40.0,1,2,2,0
186,21.0,0,2,2,1
187,17.0,1,3,2,0
188,29.881137667304014,0,3,2,1
189,40.0,1,2,2,0
190,34.0,1,2,2,0
191,29.881137667304014,1,1,2,0
192,11.5,1,3,2,0
193,61.0,1,2,1,0
194,8.0,1,2,2,0
195,33.0,1,3,2,0
196,6.0,1,1,0,0
197,18.0,0,3,2,1
198,23.0,1,2,2,0
199,29.881137667304014,0,3,2,1
200,29.881137667304014,0,3,1,1
201,0.33,1,3,2,0
202,47.0,1,1,0,0
203,8.0,0,2,2,1
204,25.0,1,2,2,0
205,29.881137667304014,1,1,0,0
206,35.0,0,3,1,1
207,24.0,1,2,2,0
208,33.0,0,1,0,1
209,25.0,1,3,2,0
210,32.0,1,3,2,0
211,29.881137667304014,1,3,2,0
212,17.0,1,2,2,0
213,60.0,0,2,2,1
214,38.0,0,3,2,1
215,42.0,1,1,2,0
216,29.881137667304014,0,3,1,1
217,57.0,1,1,2,0
218,50.0,0,1,0,1
219,29.881137667304014,1,3,2,0
220,30.0,0,2,0,1
221,21.0,1,3,2,0
222,22.0,0,2,2,1
223,21.0,1,3,2,0
224,53.0,0,1,0,1
225,29.881137667304014,0,3,0,1
226,23.0,1,3,2,0
227,29.881137667304014,0,3,1,1
228,40.5,1,3,2,0
229,36.0,1,2,2,0
230,14.0,1,2,2,0
231,21.0,0,1,2,1
232,21.0,1,3,2,0
233,29.881137667304014,1,3,1,0
234,39.0,1,1,0,0
235,20.0,1,3,2,0
236,64.0,1,1,0,0
237,20.0,1,3,0,0
238,18.0,0,2,2,1
239,48.0,0,1,0,1
240,55.0,0,1,0,1
241,45.0,0,2,2,1
242,45.0,1,1,0,0
243,29.881137667304014,1,3,2,0
244,29.881137667304014,1,3,2,0
245,41.0,1,1,2,0
246,22.0,0,2,2,1
247,42.0,1,2,2,0
248,29.0,0,2,2,1
249,29.881137667304014,0,3,0,1
250,0.92,0,2,2,1
251,20.0,1,3,2,0
252,27.0,1,1,0,0
253,24.0,1,3,2,0
254,32.5,1,3,2,0
255,29.881137667304014,1,3,2,0
256,29.881137667304014,1,3,1,0
257,28.0,1,3,2,0
258,19.0,0,2,2,1
259,21.0,1,3,2,0
260,36.5,1,3,2,0
261,21.0,1,3,2,0
262,29.0,0,2,2,1
263,1.0,0,3,2,1
264,30.0,1,2,0,0
265,29.881137667304014,1,3,2,0
266,29.881137667304014,1,1,2,0
267,29.881137667304014,1,3,2,0
268,29.881137667304014,0,3,2,1
269,17.0,1,3,2,0
270,46.0,1,1,0,0
271,29.881137667304014,1,3,1,0
272,26.0,0,1,0,1
273,29.881137667304014,0,3,1,1
274,29.881137667304014,1,3,0,0
275,20.0,0,2,2,1
276,28.0,1,2,2,0
277,40.0,1,2,2,0
278,30.0,1,2,2,0
279,22.0,1,2,2,0
280,23.0,0,3,2,1
281,0.75,1,3,2,0
282,29.881137667304014,0,3,1,1
283,9.0,0,3,0,1
284,2.0,0,3,2,1
285,36.0,1,3,2,0
286,29.881137667304014,1,3,2,0
287,24.0,1,1,2,0
288,29.881137667304014,1,3,0,0
289,29.881137667304014,1,3,2,0
290,29.881137667304014,1,1,2,0
291,30.0,0,3,1,1
292,29.881137667304014,1,3,0,0
293,53.0,1,1,2,0
294,36.0,1,3,2,0
295,26.0,1,3,2,0
296,1.0,0,2,0,1
297,29.881137667304014,1,3,0,0
298,30.0,1,1,2,0
299,29.0,1,3,2,0
300,32.0,1,3,2,0
301,29.881137667304014,1,2,0,0
302,43.0,1,2,2,0
303,24.0,1,3,2,0
304,29.881137667304014,0,3,1,1
305,64.0,0,1,2,1
306,30.0,1,1,2,0
307,0.83,1,3,2,0
308,55.0,1,1,2,0
309,45.0,0,3,2,1
310,18.0,1,3,2,0
311,22.0,1,3,0,0
312,29.881137667304014,1,3,2,0
313,37.0,0,3,1,1
314,55.0,0,1,0,1
315,17.0,0,3,1,1
316,57.0,1,1,0,0
317,19.0,1,2,2,0
318,27.0,1,3,2,0
319,22.0,1,2,2,0
320,26.0,1,3,2,0
321,25.0,1,3,0,0
322,26.0,1,2,2,0
323,33.0,1,1,2,0
324,39.0,0,1,2,1
325,23.0,1,3,2,0
326,12.0,0,2,2,1
327,46.0,1,1,0,0
328,29.0,1,2,2,0
329,21.0,1,2,2,0
330,48.0,0,2,2,1
331,39.0,1,1,0,0
332,29.881137667304014,1,3,0,0
333,19.0,0,3,0,1
334,27.0,1,3,2,0
335,30.0,1,1,2,0
336,32.0,1,2,2,0
337,39.0,1,3,0,0
338,25.0,1,2,2,0
339,29.881137667304014,1,3,0,0
340,18.0,1,2,2,0
341,32.0,1,3,2,0
342,29.881137667304014,1,3,2,0
343,58.0,0,1,0,1
344,29.881137667304014,1,3,2,0
345,16.0,0,3,2,1
346,26.0,1,2,2,0
347,38.0,0,3,0,1
348,24.0,1,2,2,0
349,31.0,0,2,2,1
350,45.0,0,1,0,1
351,25.0,1,2,2,0
352,18.0,1,2,2,0
353,49.0,1,2,2,0
354,0.17,0,3,2,1
355,50.0,1,1,2,0
356,59.0,0,1,2,1
357,29.881137667304014,1,3,2,0
358,29.881137667304014,1,3,1,0
359,30.0,0,3,2,1
360,14.5,1,3,2,0
361,24.0,0,2,0,1
362,31.0,0,2,2,1
363,27.0,1,3,2,0
364,25.0,0,1,0,1
365,29.881137667304014,0,3,2,1
366,29.881137667304014,1,3,0,0
367,22.0,0,3,2,1
368,45.0,0,1,0,1
369,29.0,1,2,0,0
370,21.0,1,2,2,0
371,31.0,0,1,0,1
372,49.0,1,1,2,0
373,44.0,1,2,2,0
374,54.0,0,1,2,1
375,45.0,0,1,0,1
376,22.0,0,3,2,1
377,21.0,1,2,2,0
378,55.0,1,1,2,0
379,5.0,1,3,2,0
380,29.881137667304014,1,3,1,0
381,26.0,1,3,1,0
382,29.881137667304014,0,3,2,1
383,19.0,0,3,2,1
384,29.881137667304014,1,2,2,0
385,24.0,0,2,2,1
386,24.0,1,3,2,0
387,57.0,1,2,2,0
388,21.0,1,3,1,0
389,6.0,1,3,2,0
390,23.0,1,1,2,0
391,51.0,0,1,2,1
392,13.0,1,3,2,0
393,47.0,1,2,2,0
394,29.0,1,3,2,0
395,18.0,0,1,2,1
396,24.0,1,3,1,0
397,48.0,0,1,0,1
398,22.0,1,3,2,0
399,31.0,1,3,1,0
400,30.0,0,1,2,1
401,38.0,1,2,2,0
402,22.0,0,1,0,1
403,17.0,1,1,2,0
404,43.0,1,1,0,0
405,20.0,1,2,0,0
406,23.0,1,2,2,0
407,50.0,1,1,0,0
408,29.881137667304014,0,3,1,1
409,3.0,0,3,2,1
410,29.881137667304014,0,3,1,1
411,37.0,0,1,1,1
412,28.0,0,3,2,1
413,29.881137667304014,1,3,2,0
414,39.0,0,1,0,1
415,38.5,1,3,2,0
416,29.881137667304014,1,3,2,0
417,29.881137667304014,1,3,0,0
